-- MySQL dump 10.13  Distrib 8.0.30, for Win64 (x86_64)
--
-- Host: localhost    Database: training
-- ------------------------------------------------------
-- Server version	8.0.30

/*!40101 SET @OLD_CHARACTER_SET_CLIENT=@@CHARACTER_SET_CLIENT */;
/*!40101 SET @OLD_CHARACTER_SET_RESULTS=@@CHARACTER_SET_RESULTS */;
/*!40101 SET @OLD_COLLATION_CONNECTION=@@COLLATION_CONNECTION */;
/*!50503 SET NAMES utf8 */;
/*!40103 SET @OLD_TIME_ZONE=@@TIME_ZONE */;
/*!40103 SET TIME_ZONE='+00:00' */;
/*!40014 SET @OLD_UNIQUE_CHECKS=@@UNIQUE_CHECKS, UNIQUE_CHECKS=0 */;
/*!40014 SET @OLD_FOREIGN_KEY_CHECKS=@@FOREIGN_KEY_CHECKS, FOREIGN_KEY_CHECKS=0 */;
/*!40101 SET @OLD_SQL_MODE=@@SQL_MODE, SQL_MODE='NO_AUTO_VALUE_ON_ZERO' */;
/*!40111 SET @OLD_SQL_NOTES=@@SQL_NOTES, SQL_NOTES=0 */;

--
-- Table structure for table `address`
--

DROP TABLE IF EXISTS `address`;
/*!40101 SET @saved_cs_client     = @@character_set_client */;
/*!50503 SET character_set_client = utf8mb4 */;
CREATE TABLE `address` (
  `id` int NOT NULL AUTO_INCREMENT,
  `address1` varchar(255) NOT NULL,
  `address2` varchar(255) DEFAULT NULL,
  `city` varchar(255) NOT NULL,
  `state` varchar(255) NOT NULL,
  `zip_code` varchar(255) NOT NULL,
  `user_id` int NOT NULL,
  PRIMARY KEY (`id`),
  KEY `FK6i66ijb8twgcqtetl8eeeed6v` (`user_id`),
  CONSTRAINT `FK6i66ijb8twgcqtetl8eeeed6v` FOREIGN KEY (`user_id`) REFERENCES `users` (`user_id`)
) ENGINE=InnoDB DEFAULT CHARSET=utf8mb4 COLLATE=utf8mb4_0900_ai_ci;
/*!40101 SET character_set_client = @saved_cs_client */;

--
-- Dumping data for table `address`
--

LOCK TABLES `address` WRITE;
/*!40000 ALTER TABLE `address` DISABLE KEYS */;
/*!40000 ALTER TABLE `address` ENABLE KEYS */;
UNLOCK TABLES;

--
-- Table structure for table `cart_items`
--

DROP TABLE IF EXISTS `cart_items`;
/*!40101 SET @saved_cs_client     = @@character_set_client */;
/*!50503 SET character_set_client = utf8mb4 */;
CREATE TABLE `cart_items` (
  `cart_item_id` int NOT NULL AUTO_INCREMENT,
  `quantity` int NOT NULL,
  `subtotal` double NOT NULL,
  `product_id` int NOT NULL,
  `user_id` int NOT NULL,
  PRIMARY KEY (`cart_item_id`),
  KEY `FK1re40cjegsfvw58xrkdp6bac6` (`product_id`),
  KEY `FK709eickf3kc0dujx3ub9i7btf` (`user_id`),
  CONSTRAINT `FK1re40cjegsfvw58xrkdp6bac6` FOREIGN KEY (`product_id`) REFERENCES `products` (`prod_id`),
  CONSTRAINT `FK709eickf3kc0dujx3ub9i7btf` FOREIGN KEY (`user_id`) REFERENCES `users` (`user_id`)
) ENGINE=InnoDB AUTO_INCREMENT=17 DEFAULT CHARSET=utf8mb4 COLLATE=utf8mb4_0900_ai_ci;
/*!40101 SET character_set_client = @saved_cs_client */;

--
-- Dumping data for table `cart_items`
--

LOCK TABLES `cart_items` WRITE;
/*!40000 ALTER TABLE `cart_items` DISABLE KEYS */;
/*!40000 ALTER TABLE `cart_items` ENABLE KEYS */;
UNLOCK TABLES;

--
-- Table structure for table `credit_card`
--

DROP TABLE IF EXISTS `credit_card`;
/*!40101 SET @saved_cs_client     = @@character_set_client */;
/*!50503 SET character_set_client = utf8mb4 */;
CREATE TABLE `credit_card` (
  `id` int NOT NULL AUTO_INCREMENT,
  `credit_card_number` varchar(255) NOT NULL,
  `expiration_date` varchar(255) NOT NULL,
  `name` varchar(255) NOT NULL,
  `user_id` int NOT NULL,
  PRIMARY KEY (`id`),
  UNIQUE KEY `UK_svbyf90rkln6g3ilk8m2yn1d7` (`credit_card_number`),
  KEY `FKes0kii3rdngv6p26vsih412jy` (`user_id`),
  CONSTRAINT `FKes0kii3rdngv6p26vsih412jy` FOREIGN KEY (`user_id`) REFERENCES `users` (`user_id`)
) ENGINE=InnoDB DEFAULT CHARSET=utf8mb4 COLLATE=utf8mb4_0900_ai_ci;
/*!40101 SET character_set_client = @saved_cs_client */;

--
-- Dumping data for table `credit_card`
--

LOCK TABLES `credit_card` WRITE;
/*!40000 ALTER TABLE `credit_card` DISABLE KEYS */;
/*!40000 ALTER TABLE `credit_card` ENABLE KEYS */;
UNLOCK TABLES;

--
-- Table structure for table `order_items`
--

DROP TABLE IF EXISTS `order_items`;
/*!40101 SET @saved_cs_client     = @@character_set_client */;
/*!50503 SET character_set_client = utf8mb4 */;
CREATE TABLE `order_items` (
  `order_item_id` int NOT NULL AUTO_INCREMENT,
  `quantity` int NOT NULL,
  `subtotal` double NOT NULL,
  `order_id` int DEFAULT NULL,
  `product_id` int NOT NULL,
  PRIMARY KEY (`order_item_id`),
  KEY `FKbioxgbv59vetrxe0ejfubep1w` (`order_id`),
  KEY `FKocimc7dtr037rh4ls4l95nlfi` (`product_id`),
  CONSTRAINT `FKbioxgbv59vetrxe0ejfubep1w` FOREIGN KEY (`order_id`) REFERENCES `orders` (`order_id`),
  CONSTRAINT `FKocimc7dtr037rh4ls4l95nlfi` FOREIGN KEY (`product_id`) REFERENCES `products` (`prod_id`)
) ENGINE=InnoDB AUTO_INCREMENT=3 DEFAULT CHARSET=utf8mb4 COLLATE=utf8mb4_0900_ai_ci;
/*!40101 SET character_set_client = @saved_cs_client */;

--
-- Dumping data for table `order_items`
--

LOCK TABLES `order_items` WRITE;
/*!40000 ALTER TABLE `order_items` DISABLE KEYS */;
INSERT INTO `order_items` VALUES (1,2,27.1,2,3),(2,1,14.99,2,1);
/*!40000 ALTER TABLE `order_items` ENABLE KEYS */;
UNLOCK TABLES;

--
-- Table structure for table `orders`
--

DROP TABLE IF EXISTS `orders`;
/*!40101 SET @saved_cs_client     = @@character_set_client */;
/*!50503 SET character_set_client = utf8mb4 */;
CREATE TABLE `orders` (
  `order_id` int NOT NULL AUTO_INCREMENT,
  `order_date` date DEFAULT NULL,
  `order_status` varchar(255) DEFAULT NULL,
  `order_total` double NOT NULL,
  `payment_id` int DEFAULT NULL,
  `shipping_address_id` int DEFAULT NULL,
  `user_id` int NOT NULL,
  PRIMARY KEY (`order_id`),
  KEY `FKag8ppnkjvx255gj7lm3m18wkj` (`payment_id`),
  KEY `FK2dntnxe9677sy06ujhix6o2bp` (`shipping_address_id`),
  KEY `FK32ql8ubntj5uh44ph9659tiih` (`user_id`),
  CONSTRAINT `FK2dntnxe9677sy06ujhix6o2bp` FOREIGN KEY (`shipping_address_id`) REFERENCES `shipping_address` (`id`),
  CONSTRAINT `FK32ql8ubntj5uh44ph9659tiih` FOREIGN KEY (`user_id`) REFERENCES `users` (`user_id`),
  CONSTRAINT `FKag8ppnkjvx255gj7lm3m18wkj` FOREIGN KEY (`payment_id`) REFERENCES `payment` (`id`)
) ENGINE=InnoDB AUTO_INCREMENT=3 DEFAULT CHARSET=utf8mb4 COLLATE=utf8mb4_0900_ai_ci;
/*!40101 SET character_set_client = @saved_cs_client */;

--
-- Dumping data for table `orders`
--

LOCK TABLES `orders` WRITE;
/*!40000 ALTER TABLE `orders` DISABLE KEYS */;
INSERT INTO `orders` VALUES (1,'2022-09-05','In Progress',0,1,1,2),(2,'2022-09-05','In Progress',42.09,3,2,1);
/*!40000 ALTER TABLE `orders` ENABLE KEYS */;
UNLOCK TABLES;

--
-- Table structure for table `payment`
--

DROP TABLE IF EXISTS `payment`;
/*!40101 SET @saved_cs_client     = @@character_set_client */;
/*!50503 SET character_set_client = utf8mb4 */;
CREATE TABLE `payment` (
  `id` int NOT NULL AUTO_INCREMENT,
  `credit_card_number` varchar(255) NOT NULL,
  `expiration_date` varchar(255) NOT NULL,
  `name` varchar(255) NOT NULL,
  PRIMARY KEY (`id`),
  UNIQUE KEY `UK_jgl1yyvp42trnjnk3409i07of` (`credit_card_number`)
) ENGINE=InnoDB AUTO_INCREMENT=4 DEFAULT CHARSET=utf8mb4 COLLATE=utf8mb4_0900_ai_ci;
/*!40101 SET character_set_client = @saved_cs_client */;

--
-- Dumping data for table `payment`
--

LOCK TABLES `payment` WRITE;
/*!40000 ALTER TABLE `payment` DISABLE KEYS */;
INSERT INTO `payment` VALUES (1,'1111222233334444','2024-12-12','Jane Doe'),(3,'1111111111112222','2024-12-12','Jane Doe');
/*!40000 ALTER TABLE `payment` ENABLE KEYS */;
UNLOCK TABLES;

--
-- Table structure for table `products`
--

DROP TABLE IF EXISTS `products`;
/*!40101 SET @saved_cs_client     = @@character_set_client */;
/*!50503 SET character_set_client = utf8mb4 */;
CREATE TABLE `products` (
  `prod_id` int NOT NULL AUTO_INCREMENT,
  `prod_category` varchar(255) NOT NULL,
  `prod_desc` varchar(255) NOT NULL,
  `prod_image` varchar(255) NOT NULL,
  `prod_inventory` int NOT NULL,
  `prod_name` varchar(255) NOT NULL,
  `prod_price` double NOT NULL,
  PRIMARY KEY (`prod_id`)
) ENGINE=InnoDB AUTO_INCREMENT=7 DEFAULT CHARSET=utf8mb4 COLLATE=utf8mb4_0900_ai_ci;
/*!40101 SET character_set_client = @saved_cs_client */;

--
-- Dumping data for table `products`
--

LOCK TABLES `products` WRITE;
/*!40000 ALTER TABLE `products` DISABLE KEYS */;
INSERT INTO `products` VALUES (1,'Clothing','A graphic T-shirt of an ostrich.','https://res.cloudinary.com/ecommercehcl/image/upload/v1662346389/c9797a18-1fed-4ac8-a218-bd8e52881aa8_1.758d00198bfc1604c7c782e72223551d_idkj3h.jpg',199,'Graphic T-Shirt',14.99),(2,'Electronics','A Iphone phone case with an ostrich. ','https://res.cloudinary.com/ecommercehcl/image/upload/v1662346511/7011927_0_p633we.jpg',399,'Phone Case',9),(3,'Clothing','A flamingo cross hairand. ','https://res.cloudinary.com/ecommercehcl/image/upload/v1662346361/1pc-Flamingo-Cross-Hair-band-Girl-Hairband-for-Flamingo-Themed-Wedding-Birthday-Party-Hair-Decoration-Girl.jpg_Q90.jpg__aynngt.jpg',398,'Head Band',13.55),(4,'Toys','A cute ostrich plush toy. ','https://res.cloudinary.com/ecommercehcl/image/upload/v1662346254/jessshopify21_79_ims96y.jpg',250,'Plush Toy',16.99),(5,'Fashion','Pink handbag with seperate compartments. ','https://res.cloudinary.com/ecommercehcl/image/upload/v1662088099/purse.jpg',80,'Purse',42),(6,'Clothing','White Adidas sneakers. ','https://res.cloudinary.com/ecommercehcl/image/upload/v1661972641/cld-sample-5.jpg',40,'White sneakers',68.99);
/*!40000 ALTER TABLE `products` ENABLE KEYS */;
UNLOCK TABLES;

--
-- Table structure for table `roles`
--

DROP TABLE IF EXISTS `roles`;
/*!40101 SET @saved_cs_client     = @@character_set_client */;
/*!50503 SET character_set_client = utf8mb4 */;
CREATE TABLE `roles` (
  `role_id` int NOT NULL AUTO_INCREMENT,
  `role_name` varchar(255) NOT NULL,
  PRIMARY KEY (`role_id`)
) ENGINE=InnoDB AUTO_INCREMENT=2 DEFAULT CHARSET=utf8mb4 COLLATE=utf8mb4_0900_ai_ci;
/*!40101 SET character_set_client = @saved_cs_client */;

--
-- Dumping data for table `roles`
--

LOCK TABLES `roles` WRITE;
/*!40000 ALTER TABLE `roles` DISABLE KEYS */;
INSERT INTO `roles` VALUES (1,'Customer');
/*!40000 ALTER TABLE `roles` ENABLE KEYS */;
UNLOCK TABLES;

--
-- Table structure for table `shipping_address`
--

DROP TABLE IF EXISTS `shipping_address`;
/*!40101 SET @saved_cs_client     = @@character_set_client */;
/*!50503 SET character_set_client = utf8mb4 */;
CREATE TABLE `shipping_address` (
  `id` int NOT NULL AUTO_INCREMENT,
  `address1` varchar(255) NOT NULL,
  `address2` varchar(255) DEFAULT NULL,
  `city` varchar(255) NOT NULL,
  `state` varchar(255) NOT NULL,
  `zip_code` varchar(255) NOT NULL,
  PRIMARY KEY (`id`)
) ENGINE=InnoDB AUTO_INCREMENT=3 DEFAULT CHARSET=utf8mb4 COLLATE=utf8mb4_0900_ai_ci;
/*!40101 SET character_set_client = @saved_cs_client */;

--
-- Dumping data for table `shipping_address`
--

LOCK TABLES `shipping_address` WRITE;
/*!40000 ALTER TABLE `shipping_address` DISABLE KEYS */;
INSERT INTO `shipping_address` VALUES (1,'953 Silverthorne Trail',NULL,'Highland Village','TX','75077'),(2,'953 Silverthorne Trail',NULL,'Highland Village','TX','75077');
/*!40000 ALTER TABLE `shipping_address` ENABLE KEYS */;
UNLOCK TABLES;

--
-- Table structure for table `user_roles`
--

DROP TABLE IF EXISTS `user_roles`;
/*!40101 SET @saved_cs_client     = @@character_set_client */;
/*!50503 SET character_set_client = utf8mb4 */;
CREATE TABLE `user_roles` (
  `user_id` int NOT NULL,
  `role_id` int NOT NULL,
  KEY `FKh8ciramu9cc9q3qcqiv4ue8a6` (`role_id`),
  KEY `FKhfh9dx7w3ubf1co1vdev94g3f` (`user_id`),
  CONSTRAINT `FKh8ciramu9cc9q3qcqiv4ue8a6` FOREIGN KEY (`role_id`) REFERENCES `roles` (`role_id`),
  CONSTRAINT `FKhfh9dx7w3ubf1co1vdev94g3f` FOREIGN KEY (`user_id`) REFERENCES `users` (`user_id`)
) ENGINE=InnoDB DEFAULT CHARSET=utf8mb4 COLLATE=utf8mb4_0900_ai_ci;
/*!40101 SET character_set_client = @saved_cs_client */;

--
-- Dumping data for table `user_roles`
--

LOCK TABLES `user_roles` WRITE;
/*!40000 ALTER TABLE `user_roles` DISABLE KEYS */;
INSERT INTO `user_roles` VALUES (1,1),(2,1),(3,1);
/*!40000 ALTER TABLE `user_roles` ENABLE KEYS */;
UNLOCK TABLES;

--
-- Table structure for table `users`
--

DROP TABLE IF EXISTS `users`;
/*!40101 SET @saved_cs_client     = @@character_set_client */;
/*!50503 SET character_set_client = utf8mb4 */;
CREATE TABLE `users` (
  `user_id` int NOT NULL AUTO_INCREMENT,
  `email` varchar(255) NOT NULL,
  `first_name` varchar(255) NOT NULL,
  `last_name` varchar(255) NOT NULL,
  `password` varchar(255) NOT NULL,
  PRIMARY KEY (`user_id`),
  UNIQUE KEY `UK_6dotkott2kjsp8vw4d0m25fb7` (`email`)
) ENGINE=InnoDB AUTO_INCREMENT=4 DEFAULT CHARSET=utf8mb4 COLLATE=utf8mb4_0900_ai_ci;
/*!40101 SET character_set_client = @saved_cs_client */;

--
-- Dumping data for table `users`
--

LOCK TABLES `users` WRITE;
/*!40000 ALTER TABLE `users` DISABLE KEYS */;
INSERT INTO `users` VALUES (1,'leepederson88@gmail.com','Lee','Pederson','password'),(2,'janedoe@gmail.com','Jane','Doe','jane'),(3,'testuser@gmail.com','test','user','password');
/*!40000 ALTER TABLE `users` ENABLE KEYS */;
UNLOCK TABLES;
/*!40103 SET TIME_ZONE=@OLD_TIME_ZONE */;

/*!40101 SET SQL_MODE=@OLD_SQL_MODE */;
/*!40014 SET FOREIGN_KEY_CHECKS=@OLD_FOREIGN_KEY_CHECKS */;
/*!40014 SET UNIQUE_CHECKS=@OLD_UNIQUE_CHECKS */;
/*!40101 SET CHARACTER_SET_CLIENT=@OLD_CHARACTER_SET_CLIENT */;
/*!40101 SET CHARACTER_SET_RESULTS=@OLD_CHARACTER_SET_RESULTS */;
/*!40101 SET COLLATION_CONNECTION=@OLD_COLLATION_CONNECTION */;
/*!40111 SET SQL_NOTES=@OLD_SQL_NOTES */;

-- Dump completed on 2022-09-06  9:40:24

